panjivarecordid,arrivaldate,conname,shpname,con_ciqid,shp_ciqid,hs6,hs2,n_hs6,shpmtorigin,weightkg,valueofgoodsusd,unit,relationship
267841310,2024-03-11,Oxbow Calcining Llc,Oxbow Energy Solutions B.V.,242268354,8174191,300490,30,1,Netherlands,20292972.0,994437000.0,49.004009861147985,within_firm
282335346,2024-10-07,Siemens Gamesa Renewable Energy In,Siemens Gamesa Renewable Energy A S,546694000,5510381,846729,84,1,Denmark,60891248.0,993806000.0,16.320999037497145,arms_length
277400637,2024-07-29,Oxbow Calcining Llc,Petroleum Coke Industries Co.,242268354,22428048,300490,30,1,Kuwait,22668000.0,940903000.0,41.507984824422095,arms_length
287952197,2024-12-04,Arcelormittal Texas Hbi Llc,Samarco Mineracao SA,1831072168,,847989,84,1,Brazil,108225000.0,909848000.0,8.407003927003927,unmatched
266702377,2024-02-17,Oxbow Calcining Llc,Oxbow Brasil Energia Industries E,242268354,,300490,30,1,Brazil,18315000.0,897508000.0,49.003985803985806,unmatched
287485445,2024-11-15,Arcelormittal Texas Hbi Llc,Samarco Mineracao SA,1831072168,,847989,84,1,Brazil,108225000.0,878029000.0,8.112996072996072,unmatched
271921108,2024-05-18,Oxbow Calcining Llc,Oxbow Brasil Energia Industria E Comercio Ltda,242268354,,300490,30,1,Brazil,17968300.0,857735000.0,47.73601286710485,unmatched
282907636,2024-10-13,Valenz Corp.,Methanol Holdings (Trinidad) Ltd.,,,382219,38,1,Trinidad and Tobago,16517390.0,842651000.0,51.0159898143714,unmatched
287241407,2024-11-27,,Vale SA,,874225,845590,84,1,Brazil,73505000.0,829504000.0,11.285001020338752,unmatched
272872208,2024-06-03,,Holland Houseboat,,683043442,890332,89,1,Netherlands,15000000.0,828300000.0,55.22,unmatched
270496360,2024-04-29,Oxbow Calcining Llc,Oxbow Brazil Energia Industria E,242268354,,300490,30,1,Brazil,17883000.0,819149000.0,45.80601688754683,unmatched
273582006,2024-06-13,,,,,841410,84,1,United States,98886230.0,806121000.0,8.152004581426555,unmatched
268551407,2024-03-28,Eastern Salt Co. Inc.,Compania Minera Cordillera Chile,116787941,1973880675,381590,38,1,Chile,60200000.0,802767000.0,13.335,arms_length
267849911,2024-03-11,Eastern Salt Co. Inc.,Compania Minera Cordillera Chile,116787941,1973880675,381590,38,1,Chile,59496712.0,793389000.0,13.335005806707436,arms_length
267243673,2024-03-01,Eastern Salt Co. Inc.,Compania Minera Cordillera Chile,116787941,1973880675,381590,38,1,Chile,57950000.0,772763000.0,13.334995685936152,arms_length
268737984,2024-03-08,Alcoa Carbon Products,Bp Energia Espana S.A.U,,5490278,300490,30,1,Spain,15751171.0,771870000.0,49.00397564092219,unmatched
271068831,2024-04-27,,Fuerza Tarea Conjunta Bravo,,,842710,84,1,Honduras,77109000.0,745413000.0,9.667003851690463,unmatched
267950490,2024-03-16,Houston Cement Co.,Cty Tnhh Cong Nghiep Long Son,28943272,,382450,38,1,Vietnam,51400000.0,716362000.0,13.937003891050583,unmatched
275388074,2024-07-06,Surface Deployment And Distribution,Surface Deployment And Distribution,331869254,331869254,870323,87,1,United States,49769344.0,712647000.0,14.318995243336943,within_firm
279854616,2024-09-06,Oxbow Calcining Llc,Petroleum Coke Industries Co.,242268354,22428048,300490,30,1,Kuwait,17332000.0,701097000.0,40.4510154627279,arms_length
266887877,2024-02-24,Riverside Constructions,Medcem Global Pazari Ama A.S.,365144198,,382450,38,1,Turkey,49748000.0,693338000.0,13.937002492562515,unmatched
279241712,2024-08-27,Alcoa Carbon Products,Bp Energia Espana S.A.U,,5490278,300490,30,1,Spain,15749497.0,688222000.0,43.69803048313226,unmatched
268118537,2024-03-02,Hollingshead Cement Llc,Lafarge Ciment Msila SpA,1939954244,1853086277,382450,38,1,Algeria,49315000.0,687303000.0,13.936996856940079,arms_length
279349435,2024-08-27,Arcelormittal Texas Hbi Llc,Samarco Mineracao SA,1831072168,,761699,76,1,Brazil,102909000.0,686609000.0,6.672001477033107,unmatched
268364817,2024-03-22,Eastern Salt Co. Inc.,Compania Minera Cordillera Chile,116787941,1973880675,381590,38,1,Chile,51266000.0,683632000.0,13.334997854328405,arms_length
284806473,2024-11-02,,Vale SA,,874225,845590,84,1,Brazil,78003000.0,681590000.0,8.737997256515776,unmatched
287064089,2024-11-26,,,,,382219,38,1,Trinidad and Tobago,12000000.0,681132000.0,56.761,unmatched
283659160,2024-10-21,,Vale SA,,874225,845590,84,1,Brazil,77848000.0,680236000.0,8.738002260815948,unmatched
268067188,2024-03-16,Eastern Salt Co. Inc.,Compania Minera Cordillera Chile,116787941,1973880675,381590,38,1,Chile,51000000.0,680085000.0,13.335,arms_length
284137610,2024-10-17,Arcelormittal Texas Hbi Llc,Samarco Mineracao SA,1831072168,,761699,76,1,Brazil,104380000.0,677531000.0,6.4910040237593405,unmatched
267615100,2024-03-08,Eastern Salt Co. Inc.,Compania Minera Cordillera Chile,116787941,1973880675,381590,38,1,Chile,50118000.0,668324000.0,13.33500937786823,arms_length
266970907,2024-02-26,Universal Alloys Inc.,Jsc Pokrovskiy,1805255913,,847989,84,1,Ukraine,44903000.0,666271000.0,14.838006369284903,unmatched
267841311,2024-03-05,Oxbow Calcining Llc,Oxbow Energy Solutions B.V.,242268354,8174191,300490,30,1,Netherlands,13566000.0,664788000.0,49.003980539584255,within_firm
267712901,2024-03-11,Eastern Salt Co. Inc.,North Coast Commodities Ltd.,116787941,,381590,38,1,United Arab Emirates,49800000.0,664083000.0,13.335,unmatched
288442035,2024-12-11,,Samarco Mineracao SA,,,847989,84,1,Brazil,78511000.0,660042000.0,8.40700029295258,unmatched
269392316,2024-04-11,Hollingshead Cement Llc,Lafarge Emirates Cement Llc,1939954244,,382450,38,1,United Arab Emirates,45883000.0,639471000.0,13.936991914216595,unmatched
267502064,2024-03-06,Hollingshead Cement Llc,Lafarge Emirates Cement Llc,1939954244,,382450,38,1,United Arab Emirates,45443000.0,633339000.0,13.936997997491362,unmatched
268719220,2024-03-17,Hollingshead Cement Llc,Lafarge Ciment Msila SpA,1939954244,1853086277,382450,38,1,Algeria,45202400.0,629986000.0,13.937003344955135,arms_length
268722716,2024-03-28,Hollingshead Cement Llc,Lafarge Emirates Cement Llc,1939954244,,382450,38,1,United Arab Emirates,44382000.0,618552000.0,13.937001487089361,unmatched
288166249,2024-12-08,Carver Sand & Gravel Se Llc,Carver Materials Canada Ltd.,419697152,,847982,84,1,Canada,47302960.0,615506000.0,13.01199755786953,unmatched
287232426,2024-11-28,Novum Energy Trading Corp.,Novum Energy Trading Corp.,557398736,,847780,84,1,Virgin Islands (British),32272000.0,615137000.0,19.061012642538422,unmatched
287402927,2024-11-24,Dunham Price Group Llc,Tajo Chirripo SA,4567988,,870323,87,1,Costa Rica,44000000.0,614284000.0,13.961,unmatched
284772864,2024-10-31,Valero Marketing And Supply Co.,Pmi Trading Designated Activity Co.,4318170,,847780,84,1,Mexico,31285000.0,612122000.0,19.56599009109797,unmatched
282373948,2024-10-04,Oxbow Calcining Llc,Oxbow Energy Solutions B.V.,242268354,8174191,300490,30,1,Netherlands,15046000.0,608626000.0,40.451016881563206,within_firm
265905567,2024-02-06,Hollingshead Cement Llc,Lafarge Emirates Cement Llc,1939954244,,382450,38,1,United Arab Emirates,43385000.0,604657000.0,13.937005877607469,unmatched
278898988,2024-08-24,Dunham Price Group Llc,Tajo Chirripo SA,4567988,,870323,87,1,Costa Rica,41708000.0,600971000.0,14.409010261820274,unmatched
271802946,2024-05-19,Valenz Corp.,Methanol Holdings (Trinidad) Ltd.,,,382219,38,1,Trinidad and Tobago,10899503.0,594720000.0,54.56395580605831,unmatched
265540697,2024-02-01,Nucor Steel Louisiana Llc,Vale SA,113392951,874225,843139,84,1,Brazil,78634000.0,591878000.0,7.52699849937686,arms_length
266262127,2024-02-14,Nucor Steel Louisiana Llc,Vale SA,113392951,874225,843139,84,1,Brazil,78310000.0,589439000.0,7.526995275188354,arms_length
275869285,2024-07-15,,,,,382219,38,1,Trinidad and Tobago,10500000.0,584262000.0,55.644,unmatched
265735856,2024-02-02,,,,,382219,38,1,Trinidad and Tobago,14858000.0,584217000.0,39.320029613676134,unmatched
264122814,2024-01-06,Nucor Steel Louisiana Llc,Vale SA,113392951,874225,843139,84,1,Brazil,77566000.0,583839000.0,7.526996364386458,arms_length
287356142,2024-11-29,Carver Sand & Gravel Se Llc,Carver Materials Canada Ltd.,419697152,,847982,84,1,Canada,45050060.0,579884000.0,12.871991735416113,unmatched
276047804,2024-07-16,Carver Sand & Gravel Se Llc,Carver Materials Canada Ltd.,419697152,,847982,84,1,Canada,46304476.0,577232000.0,12.466008685639807,unmatched
282918902,2024-10-12,Vulcan Construction Material Llc,Cemex Materials Newfoundland Inc.,4161667,,841360,84,1,United States,49921000.0,575340000.0,11.525009515033753,unmatched
285612743,2024-11-09,Carver Sand & Gravel Se Llc,Carver Materials Canada Ltd.,419697152,,847982,84,1,Canada,44690240.0,575253000.0,12.872005162648488,unmatched
289801355,2024-12-26,Carver Sand & Gravel Se Llc,Carver Materials Canada Ltd.,419697152,,847982,84,1,Canada,44104164.0,573883000.0,13.011991339411852,unmatched
284112994,2024-10-27,Carver Sand & Gravel Se Llc,Carver Materials Canada Ltd.,419697152,,847982,84,1,Canada,42056560.0,573231000.0,13.6300020733983,unmatched
270994336,2024-05-06,Royal Caribbean Cruises Ltd.,Royal Caribbean Cruises Ltd.,325643,325643,847950,84,1,Mexico,72008096.0,571456000.0,7.935996530167941,within_firm
267076393,2024-02-20,Oxbow Calcining Llc,Oxbow Brasil Energia Industries E,242268354,,300490,30,1,Brazil,11653430.0,571065000.0,49.00402714050713,unmatched
265258457,2024-01-26,Nucor Steel Louisiana Llc,Samarco Mineracao SA,113392951,,761699,76,1,Brazil,78888000.0,569177000.0,7.215001014095933,unmatched
280366061,2024-09-02,Sunoco Inc.,Aramco Trading Co.,305749,,870323,87,1,Saudi Arabia,39370128.0,562757000.0,14.294009915334794,unmatched
267502025,2024-03-07,Entertainment Cruise Productions,Royal Caribbean Cruises Ltd.,1859970081,325643,640299,64,1,Netherlands Antilles,47979096.0,560684000.0,11.686005922245805,arms_length
282128934,2024-10-02,Carver Sand & Gravel Se Llc,Carver Materials Canada Ltd.,419697152,,847982,84,1,Canada,42010008.0,557977000.0,13.282001755391239,unmatched
266514986,2024-02-19,Nucor Steel Louisiana Llc,Samarco Mineracao SA,113392951,,761699,76,1,Brazil,76883000.0,554711000.0,7.215002016050362,unmatched
278947736,2024-08-25,Superior Asphalt Enterprises Inc.,Dexter Construction Group,342144838,,847982,84,1,Canada,40732008.0,552611000.0,13.566996255131837,unmatched
267195245,2024-02-12,Eastern Salt Co. Inc.,Compania Minera Cordillera Chile,116787941,1973880675,381590,38,1,Chile,41250000.0,550069000.0,13.33500606060606,arms_length
266025751,2024-02-09,Nucor Steel Louisiana Llc,Samarco Mineracao SA,113392951,,761699,76,1,Brazil,74972000.0,540923000.0,7.21500026676626,unmatched
267605171,2024-03-10,Valenz Corp.,Methanol Holdings (Trinidad) Ltd.,,,382219,38,1,Trinidad and Tobago,13730855.0,539897000.0,39.31998407965127,unmatched
266172338,2024-02-12,Oxbow Calcining Llc,Oxbow Brasil Energia Industria E Comercio Ltda,242268354,,300490,30,1,Brazil,10968000.0,537476000.0,49.00401167031364,unmatched
274240693,2024-06-23,,Samarco Mineracao SA,,,761699,76,1,Brazil,78605000.0,523116000.0,6.654996501494816,unmatched
274765574,2024-06-28,Cemex Construction Materials,Cemex Materials Newfoundland Inc.,6529258,1863586794,842890,84,1,Canada,50000000.0,518250000.0,10.365,arms_length
275082108,2024-07-04,,Samarco Mineracao SA,,,761699,76,1,Brazil,77715000.0,517193000.0,6.654995818053143,unmatched
285990758,2024-11-13,Superior Asphalt Enterprises Inc.,Dexter Construction Group,342144838,,847982,84,1,Canada,40061648.0,515674000.0,12.872011655636333,unmatched
271284595,2024-05-05,Oxbow Calcining Llc,Oxbow Brazil Energia Industria E,242268354,,300490,30,1,Brazil,10799000.0,515501000.0,47.735994073525326,unmatched
267080752,2024-02-28,Carver Sand & Gravel Se Llc,Carver Materials Canada Ltd.,419697152,,842890,84,1,Canada,45170632.0,508215000.0,11.251004856429727,unmatched
265322521,2024-01-04,Carver Sand & Gravel Se Llc,Carver Materials Canada Ltd.,419697152,,842890,84,1,Canada,45107740.0,507507000.0,11.250995948810559,unmatched
270569979,2024-04-30,Nucor Steel Louisiana Llc,Samarco Mineracao SA,113392951,,761699,76,1,Brazil,78103000.0,506654000.0,6.486997938619515,unmatched
268615153,2024-03-28,Gaetano Cacciatore Inc.,Eiffage Insfraestructuras S.A.U.,32692466,,842890,84,1,United States,45000000.0,506295000.0,11.251,unmatched
284135489,2024-10-26,,Samarco Mineracao SA,,,761699,76,1,Brazil,77728000.0,504532000.0,6.49099423631124,unmatched
279966764,2024-09-08,,Samarco Mineracao SA,,,761699,76,1,Brazil,78088000.0,503511000.0,6.4479945702284605,unmatched
268546735,2024-03-06,Eastern Salt Co. Inc.,Compania Minera Cordillera Chile,116787941,1973880675,381590,38,1,Chile,37625152.0,501731000.0,13.334989317784018,arms_length
266106162,2024-02-10,Hm Southeast Cement Llc,Akcansa Cimento San Tic. A.S. Tehc Trading Americas Llc,1946056127,,382450,38,1,Turkey,35975000.0,501384000.0,13.937011813759556,unmatched
267346559,2024-02-20,Eastern Salt Co. Inc.,Compania Minera Cordillera Chile,116787941,,381590,38,1,United States,37300000.0,497396000.0,13.335013404825737,unmatched
271910573,2024-05-17,Nucor Steel Louisiana Llc,Samarco Mineracao SA,113392951,,761699,76,1,Brazil,78284000.0,496947000.0,6.348002146032395,unmatched
281001320,2024-09-19,,Samarco Mineracao SA,,,761699,76,1,Brazil,76752000.0,494897000.0,6.44800135501355,unmatched
269240220,2024-04-07,Carver Sand & Gravel Se Llc,Carver Materials Canada Ltd.,419697152,,842890,84,1,Canada,43822928.0,493052000.0,11.251005409770885,unmatched
269239943,2024-04-07,Hm Southeast Cement Llc,Akcansa Cimento San Tic. A.S. Tehc Trading Americas Llc,1946056127,,382450,38,1,Turkey,35300000.0,491976000.0,13.93699716713881,unmatched
276934309,2024-07-29,Ternium Mexico SA De Cv,Eastern Steel Sdn Bhd,,83757765,845490,84,1,Malaysia,44371404.0,490925000.0,11.063995180319289,unmatched
269280804,2024-04-07,,"Xin Yu Sanya International Trading Co., Ltd.",,,381590,38,1,China,36643000.0,488634000.0,13.33498894741151,unmatched
288166478,2024-12-06,Nlmk Pennsylvania Corp.,Arcelormittal Pecem S.A.,24908598,,843290,84,1,Brazil,57822000.0,486110000.0,8.407007713327108,unmatched
284839073,2024-11-04,Oxbow Calcining Llc,Oxbow Brasil Energia Industria E Comercio Ltda,242268354,,300490,30,1,Brazil,10715100.0,485083000.0,45.27097273940514,unmatched
287876620,2024-12-03,,,,,261310,26,1,Norway,21999824.0,481576000.0,21.889993301764594,unmatched
265629558,2024-02-02,Mosaic Fertilizer Llc,Compania Minera Miski Mayo Srl .,24390690,102330324,950300,95,1,Peru,60980000.0,480400000.0,7.877992784519515,within_firm
277072359,2024-07-29,Scan Global Logistics,Scan Global Logistics,252128686,,841981,84,1,Denmark,34948400.0,477884000.0,13.67398793650067,unmatched
270561856,2024-04-27,Carver Sand & Gravel Se Llc,Carver Materials Canada Ltd.,419697152,,842890,84,1,Canada,46204088.0,472991000.0,10.236994613983075,unmatched
277033672,2024-07-30,Oxbow Calcining Llc,Oxbow Brasil Energia Industria E Comercio Ltda,242268354,,300490,30,1,Brazil,11389000.0,472735000.0,41.50803406796031,unmatched
265735857,2024-02-02,,,,,382219,38,1,Trinidad and Tobago,12000000.0,471840000.0,39.32,unmatched
268229613,2024-03-20,Carver Sand & Gravel Se Llc,Carver Materials Canada Ltd.,419697152,,842890,84,1,Canada,41842728.0,470773000.0,11.251011167340714,unmatched
264458222,2024-01-12,Nucor Steel Louisiana Llc,Luossavaara Kiirunavaara Ab,113392951,874410,520513,52,1,Sweden,76130000.0,470331000.0,6.177998161040326,arms_length
289430877,2024-12-23,Nlmk Pennsylvania Corp.,Arcelormittal Pecem S.A.,24908598,,843290,84,1,Brazil,55877000.0,469758000.0,8.407001091683519,unmatched
273582004,2024-06-13,,,,,890322,89,1,United States,12000150.0,466566000.0,38.880013999825,unmatched
266114392,2024-02-09,Mosaic Fertilizer Llc,Compania Minera Miski Mayo Srl .,24390690,102330324,950300,95,1,Peru,59152000.0,465999000.0,7.8779922910467945,within_firm
276046894,2024-07-16,"Morton Salt, Inc.",Sociedad Punta De Lobos S.A.,596131375,,382499,38,1,Chile,49667000.0,464039000.0,9.34300440936638,unmatched
288193839,2024-12-10,Ardent Mills Llc,Cargill Poland Sp Zoo,276936434,4018972,843710,84,1,Poland,32981906.0,461549000.0,13.994006289387885,arms_length
268810035,2024-04-01,Nlmk Pennsylvania Corp.,Arcelormittal Pecem S.A.,24908598,,681591,68,1,Brazil,57746564.0,452791000.0,7.841003319262424,unmatched
273087852,2024-06-04,Carver Sand & Gravel Se Llc,Carver Materials Canada Ltd.,419697152,,842890,84,1,Canada,41759300.0,451000000.0,10.799989463424915,unmatched
271061240,2024-05-04,Carver Sand & Gravel Se Llc,Carver Materials Canada Ltd.,419697152,,842890,84,1,Canada,41614272.0,449434000.0,10.799996693442097,unmatched
267332411,2024-02-27,Nlmk Pennsylvania Corp.,Arcelormittal Pecem S.A.,24908598,,681591,68,1,Brazil,57072456.0,447505000.0,7.840997766067751,unmatched
267984297,2024-03-16,Nlmk Pennsylvania Corp.,Arcelormittal,24908598,,681591,68,1,Brazil,56748384.0,444964000.0,7.840998608876686,unmatched
268572321,2024-03-13,Eastern Salt Co. Inc.,Compania Minera Cordillera Chile,116787941,1973880675,381590,38,1,Chile,33200000.0,442722000.0,13.335,arms_length
279932131,2024-09-05,Mosaic Fertilizer Llc,Compania Minera Miski Mayo Srl .,24390690,102330324,950300,95,1,Peru,57121680.0,434924000.0,7.613991745340823,within_firm
266517122,2024-02-17,Sabic Americas Inc.,Sabic Agri Nutrients Co.,4440627,11071994,842839,84,1,Saudi Arabia,29849713.0,434134000.0,14.543992433026073,within_firm
269421945,2024-04-10,Cemex Construction Materials,Cemex Materials Newfoundland Inc.,6529258,1863586794,842890,84,1,Canada,37615000.0,423206000.0,11.250990296424298,arms_length
272639203,2024-05-29,Sulphuric Acid Trading Co. Inc.,Sumitomo Corporation,,22805,871130,87,1,Japan,19639410.0,422404000.0,21.507978090991532,unmatched
272139440,2024-05-23,Mosaic Fertilizer Llc,Compania Minera Miski Mayo Srl .,24390690,102330324,950300,95,1,Peru,59650820.0,421373000.0,7.063993420375445,within_firm
265475519,2024-02-01,Fortress Cement Inc.,Sonmez Cimento Api Ve Madencilik,,330916912,382499,38,1,Turkey,27528000.0,416361000.0,15.125,unmatched
271068829,2024-04-27,Drs Land System,Joint Task Force Bravo,,,870590,87,1,Honduras,30844800.0,415356000.0,13.465997510115157,unmatched
267982492,2024-03-14,Mosaic Fertilizer Llc,Compania Minera Miski Mayo Srl .,24390690,102330324,950300,95,1,Peru,51940000.0,409183000.0,7.877993839045052,within_firm
288611826,2024-12-13,Levy Docks Brennan Ave,Ontario Trap Rock,,,847982,84,1,Canada,20000000.0,404980000.0,20.249,unmatched
284968678,2024-11-05,Mosaic Fertilizer Llc,Compania Minera Miski Mayo Srl .,24390690,102330324,950300,95,1,Peru,51401000.0,401853000.0,7.81799964981226,within_firm
264196386,2024-01-05,Mosaic Fertilizer Llc,Compania Minera Miski Mayo Srl .,24390690,102330324,950300,95,1,Peru,50956000.0,401431000.0,7.877992778083052,within_firm
266716191,2024-02-21,Ternium Mexico SA De Cv,PT . Dexin Steel Indonesia,,658868850,681591,68,1,Indonesia,51153940.0,401098000.0,7.840999148843667,unmatched
288514578,2024-12-11,Sunoco Inc.,"Hd Hyundai Oilbank Co., Ltd.",305749,5466321,381700,38,1,South Korea,35158240.0,400066000.0,11.379011008514647,arms_length
276466776,2024-07-22,Mosaic Fertilizer Llc,Compania Minera Miski Mayo Srl .,24390690,102330324,950300,95,1,Peru,60500000.0,397001000.0,6.562,within_firm
268330721,2024-03-22,Gea International USA Llc,Contructora Meco Panama S.A.,,,842890,84,1,Mexico,34951000.0,393234000.0,11.251008554833911,unmatched
281840015,2024-09-11,Mosaic Fertilizer Llc,Compania Minera Miski Mayo Srl .,24390690,102330324,950300,95,1,Peru,51300000.0,390598000.0,7.613996101364522,within_firm
282097476,2024-10-02,Mosaic Fertilizer Llc,Compania Minera Miski Mayo Srl .,24390690,102330324,950300,95,1,Peru,51226000.0,390035000.0,7.61400460703549,within_firm
283021121,2024-10-11,Mosaic Fertilizer Llc,Compania Minera Miski Mayo Srl .,24390690,102330324,950300,95,1,Peru,51601000.0,386646000.0,7.492994321815469,within_firm
270191269,2024-04-23,Penthol Llc,Abu Dhabi National Oil Co. Adnoc,410387161,9707943,150920,15,1,United Arab Emirates,49938800.0,384579000.0,7.701006031382412,arms_length
273921072,2024-06-15,Superior Asphalt Enterprises Inc.,Dexter Construction Group,342144838,,842890,84,1,Canada,37038368.0,383903000.0,10.365008523053715,unmatched
275388073,2024-07-06,Surface Deployment And Distribution,Surface Deployment And Distribution,331869254,331869254,870323,87,1,United States,26651244.0,381619000.0,14.31899389011635,within_firm
286252053,2024-11-18,Ampol US Trading Llc,Ampol US Trading Llc,673158864,673158864,870323,87,1,United States,27218934.0,380004000.0,13.9610169891297,within_firm
283674033,2024-10-17,Mosaic Fertilizer Llc,Compania Minera Miski Mayo Srl .,24390690,102330324,950300,95,1,Peru,49371712.0,369942000.0,7.49299517910175,within_firm
277302867,2024-08-02,Chicago Port Railroad,Ontario Trap Rock,317618955,,847982,84,1,Canada,24894000.0,369601000.0,14.846991242869768,unmatched
289099058,2024-12-18,Mosaic Fertilizer Llc,Compania Minera Miski Mayo Srl .,24390690,102330324,950300,95,1,Peru,50898000.0,368400000.0,7.238005422609926,within_firm
277660535,2024-08-06,Mosaic Fertilizer Llc,Compania Minera Miski Mayo Srl .,24390690,102330324,950300,95,1,Peru,52451000.0,367577000.0,7.008007473642066,within_firm
269866651,2024-04-18,Mosaic Fertilizer Llc,Compania Minera Miski Mayo Srl .,24390690,102330324,950300,95,1,Peru,51826000.0,367395000.0,7.089009377532513,within_firm
266009681,2024-02-09,Scoular Grain,Mondry Sp. Z O.O.,,1780345900,843810,84,1,Poland,11999998.0,367080000.0,30.59000509833418,unmatched
271018621,2024-05-05,Mosaic Fertilizer Llc,Compania Minera Miski Mayo Srl .,24390690,102330324,950300,95,1,Peru,51877040.0,366459000.0,7.063992085901586,within_firm
277463197,2024-08-05,Levy Docks Brennan Ave,Lafarge North America,,,847982,84,1,Canada,27000000.0,366309000.0,13.567,unmatched
277653828,2024-08-06,Levy Docks Brennan Ave,Ontario Trap Rock,,,847982,84,1,Canada,27000000.0,366309000.0,13.567,unmatched
277930902,2024-08-12,Mosaic Fertilizer Llc,Compania Minera Miski Mayo Srl .,24390690,102330324,950300,95,1,Peru,52235020.0,366063000.0,7.007999614052029,within_firm
273846580,2024-06-17,Bwc Terminals,Qatar Shell Gtl Ltd.,693853050,7758455,852792,85,1,Qatar,12984676.0,364454000.0,28.068008782044313,arms_length
272996003,2024-06-04,Mosaic Fertilizer Llc,Compania Minera Miski Mayo Srl .,24390690,102330324,950300,95,1,Peru,51113000.0,361062000.0,7.06399546103731,within_firm
283929568,2024-10-23,Valero Marketing And Supply Co.,Valero Energy Inc.,4318170,,870590,87,1,Canada,28257052.0,359514000.0,12.722983275113059,unmatched
286912221,2024-11-24,Kataman Metals Llc,,6464087,,740311,74,1,Chile,39047000.0,358256000.0,9.174994237713525,unmatched
277331130,2024-08-03,Verplank Dock Co.,Lafarge North America,1945861703,,847982,84,1,Canada,23673018.0,351473000.0,14.846987401437366,unmatched
270876597,2024-05-02,Mosaic Fertilizer Llc,Compania Minera Miski Mayo Srl .,24390690,102330324,950300,95,1,Peru,49729900.0,351292000.0,7.063999726522676,within_firm
270741129,2024-05-02,Hm Southeast Cement Llc,Akcansa Cimento San Tic. A.S. Tehc Trading Americas Llc,1946056127,,382450,38,1,Turkey,38500000.0,342419000.0,8.894,unmatched
285390612,2024-11-07,Exxonmobil Sales & Supply Llc,Pmi Trading Designated Activity Co.,12111180,,847780,84,1,Mexico,15418607.0,336619000.0,21.83199818245578,unmatched
274605532,2024-06-26,Mosaic Fertilizer Llc,Compania Minera Miski Mayo Srl .,24390690,102330324,950300,95,1,Peru,50228140.0,335775000.0,6.684997692528531,within_firm
269013285,2024-04-03,Intercoast Materials Llc,Nuh Cimento Sanayi A.S.,,9673374,382450,38,1,Turkey,24000000.0,334488000.0,13.937,unmatched
275202012,2024-07-06,Gm Dock,Lafarge North America,,,847982,84,1,Canada,17000000.0,325601000.0,19.153,unmatched
274837951,2024-07-01,Levy Docks Brennan Ave,Ontario Trap Rock,,,847982,84,1,Canada,17000000.0,325601000.0,19.153,unmatched
272003053,2024-05-20,Verplank Trucking Co. Inc.,Ontario Trap Rock,,,842890,84,1,Canada,30000000.0,324000000.0,10.8,unmatched
270506072,2024-04-27,,,,,080132,08,1,Canada,63194000.0,320457000.0,5.071003576288888,unmatched
273989533,2024-06-14,Mosaic Fertilizer Llc,Compania Minera Miski Mayo Srl .,24390690,102330324,950300,95,1,Peru,47750000.0,319209000.0,6.685005235602095,within_firm
280270470,2024-09-09,Wirt Stone Dock,Lafarge North America Holcim Na,,,847982,84,1,Canada,16800000.0,318746000.0,18.972976190476192,unmatched
284792366,2024-10-31,Edward C Levy Co.,Ontario Trap Rock,,,842890,84,1,Canada,31000000.0,318060000.0,10.26,unmatched
286086516,2024-11-15,Levy Docks Brennan Ave,Ontario Trap Rock,,,847982,84,1,Canada,17000000.0,315180000.0,18.54,unmatched
285989032,2024-11-14,Cemex Construction Materials,Cemex Materials Newfoundland Inc.,6529258,1863586794,842890,84,1,Canada,30000000.0,312060000.0,10.402,arms_length
285989033,2024-11-14,Cemex Construction Materials,Cemex Materials Newfoundland Inc.,6529258,1863586794,842890,84,1,Canada,30000000.0,312060000.0,10.402,arms_length
286909384,2024-11-25,Pernod Ricard USA,Martell & Co.,1890110,5579719,220820,22,1,France,24393600.0,311457000.0,12.767980125934672,within_firm
285513283,2024-11-09,Tidewater Global Llc,Lava Mining & Quarrying,35572,52743797,610990,61,1,Greece,27500000.0,309458000.0,11.253018181818183,arms_length
286909377,2024-11-25,Pernod Ricard USA,Martell & Co.,1890110,5579719,220820,22,1,France,24114240.0,307891000.0,12.768015910930638,within_firm
270843441,2024-05-05,Cemex Construction Materials,Cemex Materials Newfoundland Inc.,6529258,1863586794,842890,84,1,Canada,28392000.0,306634000.0,10.800014088475628,arms_length
273582005,2024-06-13,,,,,841410,84,1,United States,12500160.0,303904000.0,24.31200880628728,unmatched
288167825,2024-12-09,Osborne Dock East Fairport,Lafarge North America,,,847982,84,1,Canada,15000000.0,303735000.0,20.249,unmatched
272561025,2024-05-26,Gea International USA Llc,Constructora Meco S A Panama,,257147592,847431,84,1,Colombia,36767908.0,299475000.0,8.145010589125713,unmatched
280951338,2024-09-18,Chicago Port Railroad,Ontario Trap Rock,317618955,,842890,84,1,Canada,33000000.0,296637000.0,8.989,unmatched
285511962,2024-11-09,Heidelberg Marterials US Cement Llc,Akcansa Cimento Sanayi Ve Ticaret A,,,850153,85,1,Turkey,31840000.0,296144000.0,9.301005025125628,unmatched
277639175,2024-08-08,Wirt Stone Dock,Lafarge North America,,,847982,84,1,Canada,15590000.0,294183000.0,18.869980756895444,unmatched
278070299,2024-08-14,Blue Water Industries Llc,Shoreline Aggregates Inc.,547763596,,847490,84,1,Canada,52708000.0,292898000.0,5.556993245807088,unmatched
288896392,2024-12-16,Blue Water Industries Llc,Shoreline Aggregates Inc.,547763596,,090111,09,1,Canada,53160000.0,292008000.0,5.493002257336343,unmatched
279453682,2024-08-31,Edward C Levy Co.,Ontario Trap Rock,,,842890,84,1,Canada,33000000.0,290664000.0,8.808,unmatched
285028370,2024-11-04,Aloha Petroleum Ltd.,"Hd Hyundai Oilbank Co., Ltd.",545849592,5466321,870323,87,1,South Korea,21663858.0,290447000.0,13.406984111509594,arms_length
269145283,2024-04-07,Sultan Cement Llc,Goltas Goller Bolgesi Cimento,,,382450,38,1,Turkey,20839216.0,290436000.0,13.936992639262437,unmatched
276126497,2024-07-18,Tidewater Global Llc,Lava Mining & Quarrying,35572,52743797,610990,61,1,Greece,25000000.0,289950000.0,11.598,arms_length
286210853,2024-11-15,Blue Water Industries Llc,Shoreline Aggregates Inc.,547763596,,090111,09,1,Canada,53280000.0,289044000.0,5.425,unmatched
284127458,2024-10-25,Cemex Construction Materials,Cemex Materials Newfoundland Inc.,6529258,1863586794,842890,84,1,Canada,28000000.0,287280000.0,10.26,arms_length
284127457,2024-10-25,Cemex Construction Materials,Cemex Materials Newfoundland Inc.,6529258,1863586794,842890,84,1,Canada,28000000.0,287280000.0,10.26,arms_length
274341528,2024-06-23,Diamond Green Diesel Llc,West Coast Reduction Ltd.,132066252,6513686,130219,13,1,Canada,13782517.0,287117000.0,20.831971402611003,arms_length
289131039,2024-12-11,Sunoco Inc.,"Hd Hyundai Oilbank Co., Ltd.",305749,5466321,381700,38,1,South Korea,25224764.0,287033000.0,11.37901627147037,arms_length
266517123,2024-02-17,Sabic Americas Inc.,Sabic Agri Nutrients Co.,4440627,11071994,842839,84,1,Saudi Arabia,19649788.0,285787000.0,14.544024597110157,within_firm
278072605,2024-08-14,Levy Docks Brennan Ave,Ontario Trap Rock,,,847982,84,1,Canada,15000000.0,283050000.0,18.87,unmatched
285615744,2024-11-10,Verplank Dock Co.,Ontario Trap Rock,1945861703,,847982,84,1,Canada,15240725.0,282563000.0,18.539997277032423,unmatched
289932436,2024-12-28,Blue Water Industries Llc,Shoreline Aggregates Inc.,547763596,,090111,09,1,Canada,51220000.0,281351000.0,5.492991019133151,unmatched
284772863,2024-10-31,Valero Marketing And Supply Co.,Pmi Trading Designated Activity Co.,4318170,,847780,84,1,Mexico,14316000.0,280107000.0,19.56601005867561,unmatched
280349662,2024-09-11,Blue Water Industries Llc,Shoreline Aggregates Inc.,547763596,,090111,09,1,Canada,53803000.0,277408000.0,5.155995018865119,unmatched
274848169,2024-07-01,Nlmk Pennsylvania Corp.,Arcelormittal Pecem S.A.,24908598,,843290,84,1,Brazil,54745036.0,276791000.0,5.056001789824378,unmatched
264824617,2024-01-20,Mosaic Fertilizer Llc,Compania Minera Miski Mayo Srl .,24390690,102330324,950300,95,1,Peru,35000000.0,275730000.0,7.878,within_firm
284649767,2024-10-31,Incoa Performance Minerals,Belfond Enterprise,,,382499,38,1,Dominican Republic,37554008.0,274708000.0,7.315011489585879,unmatched
282097611,2024-10-01,Blue Water Industries Llc,Shoreline Aggregates Inc.,547763596,,090111,09,1,Canada,53200000.0,274299000.0,5.155996240601504,unmatched
283924499,2024-10-23,Blue Water Industries Llc,Shoreline Aggregates Inc.,547763596,,090111,09,1,Canada,52500000.0,270323000.0,5.149009523809524,unmatched
282428720,2024-10-06,Chicago Port Railroad,Ontario Trap Rock,317618955,,842890,84,1,Canada,30000000.0,269670000.0,8.989,unmatched
281763812,2024-09-26,Valero Marketing And Supply Co.,Valero Energy Inc.,4318170,,870590,87,1,Canada,19462936.0,268725000.0,13.80701246718378,unmatched
281853645,2024-09-30,Blue Water Industries Llc,Shoreline Aggregates Inc.,547763596,,090111,09,1,Canada,52090000.0,268576000.0,5.155999232098291,unmatched
286909378,2024-11-25,Pernod Ricard USA,Martell & Co.,1890110,5579719,220820,22,1,France,20633200.0,263445000.0,12.768014655991315,within_firm
274499439,2024-06-10,Chicago Port Railroad,Ontario Trap Rock,317618955,,842890,84,1,Canada,25215000.0,261353000.0,10.364981162006742,unmatched
281749800,2024-09-28,Cemex Construction Materials,Cemex Materials Newfoundland Inc.,6529258,1863586794,842890,84,1,Canada,29000000.0,260681000.0,8.989,arms_length
281749801,2024-09-28,Cemex Construction Materials,Cemex Materials Newfoundland Inc.,6529258,1863586794,842890,84,1,Canada,29000000.0,260681000.0,8.989,arms_length
287381411,2024-11-07,Bwc Terminals,Qatar Shell Gtl Ltd.,693853050,7758455,852792,85,1,Qatar,13899000.0,258911000.0,18.628030793582273,arms_length
272335792,2024-05-27,Tronox Llc,Tronox Mineral Sands (Pty) ) Ltd.,22603885,,870333,87,1,South Africa,20001040.0,258453000.0,12.921978057141029,unmatched
267354269,2024-03-01,Diamond Green Diesel Llc,Graincorp Commodity Management Holdings (Pty) Ltd.,132066252,22784331,130219,13,1,Australia,16373822.0,255612000.0,15.611016169590703,arms_length
265351037,2024-01-07,Cemex Construction Materials,Cemex International SA De Cv,6529258,404061,870323,87,1,Mexico,17830000.0,252205000.0,14.144980370162648,within_firm
265141314,2024-01-25,Fortress Cement Inc.,Sonmez Cimento Api Ve Madencilik,,330916912,382499,38,1,Turkey,16518000.0,249835000.0,15.125015135004238,unmatched
285610139,2024-11-10,Greenland Developers Inc.,Europstone Ras Spain S.L.,1990417237,715964777,090111,09,1,Spain,46003000.0,249566000.0,5.424994022128992,arms_length
282784663,2024-10-09,Levy Docks Brennan Ave,Ontario Trap Rock,,,847982,84,1,Canada,17000000.0,246942000.0,14.526,unmatched
282784664,2024-10-10,Kuhlman Dock,Ontario Trap Rock,,,847982,84,1,Canada,17000000.0,246942000.0,14.526,unmatched
279202056,2024-08-27,Cemex Construction Materials,Cemex Materials Newfoundland Inc.,6529258,1863586794,842890,84,1,Canada,28000000.0,246624000.0,8.808,arms_length
279202057,2024-08-27,Cemex Construction Materials,Cemex Materials Newfoundland Inc.,6529258,1863586794,842890,84,1,Canada,28000000.0,246624000.0,8.808,arms_length
265527024,2024-01-24,Eastern Salt Co. Inc.,Salinor Salinas Do Nordeste SA,116787941,51274699,854143,85,1,Brazil,48650000.0,246461000.0,5.066002055498458,arms_length
269142676,2024-03-27,Giant Cement Co.,Eurl Hydro Sud,4773936,,847490,84,1,Algeria,41095004.0,246118000.0,5.989000512081712,unmatched
287044973,2024-11-25,Sunoco Inc.,"Hd Hyundai Oilbank Co., Ltd.",305749,5466321,870323,87,1,South Korea,18232956.0,244449000.0,13.40698677713038,arms_length
287301934,2024-11-28,Martin Operating Partnership,Boliden Mineral Ab Jarnagsleden,27606060,,871120,87,1,France,17730000.0,240348000.0,13.556006768189508,unmatched
270752246,2024-05-01,Chicago Port Railroad,Ontario Trap Rock,317618955,,842890,84,1,Canada,22061000.0,238259000.0,10.800009065772176,unmatched
279237643,2024-08-29,,,,,846693,84,1,Poland,32323000.0,238221000.0,7.370015159483959,unmatched
265894878,2024-02-07,Interoceanic Corp,,238626297,,871120,87,1,Spain,18449000.0,236221000.0,12.80400021681392,unmatched
289479591,2024-11-28,Southern Ionics,Alunorte Alumina Do Nortedo Brasil S.A.,4288007,5529133,846410,84,1,Brazil,28000000.0,235396000.0,8.407,arms_length
267983231,2024-03-17,Ternium Mexico SA De Cv,Tata Steel Ltd.,,874170,681591,68,1,India,29852740.0,234075000.0,7.840988800358024,unmatched
273723796,2024-06-14,Helm Fertilizer Corp,Methanol Holdings (Trinidad) Ltd.,4018365,,870323,87,1,Canada,16347000.0,234073000.0,14.319018780204319,unmatched
267018685,2024-02-27,"Morton Salt, Inc.",Morton Bahamas Ltd.,596131375,34265669,871200,87,1,Bahamas,40000000.0,233960000.0,5.849,within_firm
274091171,2024-06-18,Helm Fertilizer Corp,Methanol Holdings (Trinidad) Ltd.,4018365,,870323,87,1,Canada,16329000.0,233815000.0,14.31900300079613,unmatched
276422068,2024-07-22,Sabic Innovative Plastics US Llc,Nobian Industrial Chemicals BV,635635,710538129,382499,38,1,Netherlands,25005000.0,233622000.0,9.343011397720456,arms_length
275699007,2024-07-14,Kinder Morgan,Ontario Trap Rock A Division Of,34952431,,850410,85,1,Canada,14242800.0,233568000.0,16.399022664082906,unmatched
267498053,2024-03-05,Exxonmobil,Officine Meccaniche Villa & Bonaldi,,,841950,84,1,Italy,19353000.0,232739000.0,12.025990802459567,unmatched
277149975,2024-07-27,Wirt Stone Dock,Lafarge North America,,,847982,84,1,Canada,15591000.0,231480000.0,14.847027131037137,unmatched
268632101,2024-03-24,Interoceanic Corp,,238626297,,871120,87,1,Germany,18020000.0,230728000.0,12.803995560488346,unmatched
265286431,2024-01-28,Haven Salt Co. Llc,Salinor Salinas Do Nordeste S.A.,645119487,51274699,854143,85,1,Brazil,45400000.0,229996000.0,5.065991189427312,arms_length
287876429,2024-11-25,Certainteed Gyp Opco Llc,PAN AMERICAN GYPSUM,,,030617,03,1,Dominican Republic,35202028.0,229482000.0,6.518999416738149,unmatched
267476142,2024-03-06,Giant Cement Co.,Digital Ingenierie SARL,4773936,,847490,84,1,Algeria,38040000.0,227822000.0,5.989011566771819,unmatched
275388070,2024-07-06,Surface Deployment And Distribution,Surface Deployment And Distribution,331869254,331869254,870323,87,1,United States,15845877.0,226897000.0,14.318992883764023,within_firm
275348356,2024-07-05,Mosaic Fertilizer Llc,Compania Minera Miski Mayo Srl .,24390690,102330324,950300,95,1,Peru,33812000.0,226033000.0,6.684993493434284,within_firm
286909379,2024-11-25,Pernod Ricard USA,Martell & Co.,1890110,5579719,220820,22,1,France,17653400.0,225399000.0,12.768022024086012,within_firm
288224803,2024-12-10,Surface Deployment And Distribution,Surface Deployment And Distribution,331869254,331869254,870323,87,1,United States,11957090.0,225272000.0,18.840035493585813,within_firm
269421944,2024-04-10,Cemex Construction Materials,Cemex Materials Newfoundland Inc.,6529258,1863586794,842890,84,1,Canada,20020000.0,225245000.0,11.250999000999,arms_length
280950677,2024-09-17,Sunoco Inc.,"Hd Hyundai Oilbank Co., Ltd.",305749,5466321,870323,87,1,South Korea,16916780.0,225129000.0,13.3080290693619,arms_length
264829193,2024-01-20,"Morton Salt, Inc.",Morton Bahamas Ltd.,596131375,34265669,854143,85,1,Bahamas,44000000.0,222904000.0,5.066,within_firm
277398719,2024-08-05,Aloha Petroleum Ltd.,"Hd Hyundai Oilbank Co., Ltd.",545849592,5466321,870323,87,1,South Korea,16705264.0,222648000.0,13.328014451013765,arms_length
266030229,2024-02-09,"Morton Salt, Inc.",Morton Bahamas Ltd.,596131375,34265669,854143,85,1,Bahamas,43800000.0,221891000.0,5.0660045662100455,within_firm
263796918,2024-01-01,Bp Products North America,Petroleo Brasileiro S.A.,4224618,409268,850220,85,1,Brazil,35312000.0,221689000.0,6.278007476212053,arms_length
289104139,2024-12-19,Surface Deployment And Distribution,Surface Deployment And Distribution,331869254,331869254,870323,87,1,United States,15077639.0,221400000.0,14.683996612466979,within_firm
267235828,2024-03-01,"Morton Salt, Inc.",Morton Bahamas Ltd.,596131375,34265669,854143,85,1,Bahamas,43600000.0,220878000.0,5.066009174311927,within_firm
287763224,2024-12-02,Midwest Terminals Of Toledo,Ontario Trap Rock A Division Of,30998462,,850410,85,1,Canada,13063460.0,219100000.0,16.771973121975343,unmatched
288220876,2024-12-10,Midwest Terminals Of Toledo,Ontario Trap Rock A Division Of,30998462,,850410,85,1,Canada,13244897.0,216117000.0,16.317001181662643,unmatched
285859936,2024-11-14,Southern Ionics,Alunorte Alumina Do Nortedo Brasil S.A.,4288007,5529133,846410,84,1,Brazil,21752790.0,213569000.0,9.818004954766723,arms_length
277732148,2024-08-08,Surface Deployment And Distribution,Surface Deployment And Distribution,331869254,331869254,870323,87,1,United States,14447474.0,208174000.0,14.409024027314395,within_firm
282785365,2024-10-11,Heidelberg Marterials US Cement Llc,Akcansa Cimento Sanayi Ve Ticaret A,,,850153,85,1,Turkey,22000000.0,207636000.0,9.438,unmatched
276044994,2024-07-17,Sunoco Inc.,"Hd Hyundai Oilbank Co., Ltd.",305749,5466321,870323,87,1,South Korea,15569827.0,207515000.0,13.32802220602708,arms_length
271211755,2024-05-08,Sabic Innovative Plastics US Llc,Nobian Industries Chemicals B.V.,635635,,382499,38,1,Netherlands,22029000.0,207183000.0,9.40501157565028,unmatched
286909385,2024-11-25,Pernod Ricard USA,PERRIER JOUET,1890110,,220410,22,1,France,19548200.0,206781000.0,10.578007182246958,unmatched
281019514,2024-09-16,High Bridge Stone Co Inc.,K P Granites,1940028363,,410150,41,1,India,10500000.0,205926000.0,19.612,unmatched
282292707,2024-10-05,Trans Carolina Products Llc,Nobian Industries Chemicals B.V.,,,382499,38,1,Netherlands,23003000.0,204842000.0,8.905012389688302,unmatched
286706425,2024-11-22,Levy Docks Brennan Ave,Ontario Trap Rock,,,847982,84,1,Canada,11000000.0,203940000.0,18.54,unmatched
286786287,2024-11-23,Bluewater Aggregates,Ontario Trap Rock,,,847982,84,1,Canada,11000000.0,203940000.0,18.54,unmatched
271673338,2024-05-16,Dunham Price Group Llc,Tajo Chirripo SA,4567988,,732490,73,1,Costa Rica,40111000.0,203844000.0,5.0819974570566675,unmatched
267193600,2024-03-01,Rio Energy International,Rio Energy International,4220362,4220362,870390,87,1,United States,10186602.0,201420000.0,19.77303128167764,within_firm
267712577,2024-03-10,Jsw Steel (USA) Inc.,Arcelormittal Pecem S.A.,46879041,,681591,68,1,Brazil,25457000.0,199608000.0,7.840986761990808,unmatched
274227955,2024-06-22,Edward C Levy Co.,Ontario Trap Rock,,,842890,84,1,Canada,19200000.0,199008000.0,10.365,unmatched
264225265,2024-01-09,Diamond Green Diesel Llc,Graincorp Commodity Management Holdings (Pty) Ltd.,132066252,22784331,130219,13,1,Australia,12705109.0,198339000.0,15.610964061780185,arms_length
281765968,2024-09-27,Verplank Trucking Co. Inc.,Ontario Trap Rock,,,950300,95,1,Canada,25978000.0,197796000.0,7.613981060897682,unmatched
282683337,2024-10-04,Sunoco Inc.,"Hd Hyundai Oilbank Co., Ltd.",305749,5466321,870323,87,1,South Korea,14403718.0,194709000.0,13.51796806907772,arms_length
270601553,2024-04-30,Jsw Steel (USA) Inc. 5200 East Mcki,,46879041,,681591,68,1,Brazil,21003000.0,193732000.0,9.224015616816645,unmatched
273112294,2024-06-05,George E Warren Corp.,Eni Trade & Biofuels SpA,4160950,673261255,382499,38,1,Italy,19953520.0,187663000.0,9.405007236818365,arms_length
289632075,2024-12-25,Sunoco Inc.,"Hd Hyundai Oilbank Co., Ltd.",305749,5466321,870323,87,1,South Korea,13848306.0,184501000.0,13.323001383707147,arms_length
286909477,2024-11-25,Sabic Innovative Plastics US Llc,Nobian Industrial Chemicals BV,635635,710538129,382499,38,1,Netherlands,25210000.0,184184000.0,7.305989686632289,arms_length
272561351,2024-05-29,Levy Docks Brennan Ave,Ontario Trap Rock,,,842890,84,1,Canada,17000000.0,183600000.0,10.8,unmatched
272815870,2024-05-31,Bluewater Aggregates,Lafarge North America,,,842890,84,1,Canada,17000000.0,183600000.0,10.8,unmatched
272894017,2024-06-03,B & B Granite Block Sales Llc,"R.R. Stones Pvt., Ltd.",,,420292,42,1,India,20000000.0,181680000.0,9.084,unmatched
283560436,2024-10-18,United States Gypsum Co.,Transportes La Fama SA,1891934199,48992384,391239,39,1,Spain,36082000.0,181492000.0,5.029987251261017,arms_length
276624224,2024-07-25,Gci Communications Corp.,It International Telecom Inc.,4247217,13238651,870410,87,1,Canada,14040000.0,181411000.0,12.921011396011396,arms_length
267716676,2024-03-05,Heidelberg Marterials US Cement Llc,Akcansa Cimento San. Tic. A.S.,,,847989,84,1,Turkey,12150000.0,180282000.0,14.838024691358024,unmatched
274643165,2024-06-30,Trans Carolina Products Llc,Nobian Industries Chemicals B.V.,,,382499,38,1,Netherlands,20000000.0,177820000.0,8.891,unmatched
270261665,2024-04-24,Edward C Levy Co.,Ontario Trap Rock A Division Of,,,611020,61,1,Canada,12972742.0,176987000.0,13.642990818749036,unmatched
270446498,2024-04-27,Edward C Levy Co.,Ontario Trap Rock A Division Of,,,611020,61,1,Canada,12972742.0,176987000.0,13.642990818749036,unmatched
276129772,2024-07-17,Edward C Levy Co.,Ontario Trap Rock,,,842890,84,1,Canada,15000000.0,176055000.0,11.737,unmatched
276129771,2024-07-17,Levy Blue Water Aggregate,Ontario Trap Rock,,,842890,84,1,Canada,15000000.0,176055000.0,11.737,unmatched
289100908,2024-12-18,Tidewater Global Llc,Lava Mining & Quarrying,35572,52743797,610990,61,1,Greece,16500000.0,173019000.0,10.486,arms_length
264912611,2024-01-22,Sulphuric Acid Trading Co. Inc.,,,,871120,87,1,South Korea,13300000.0,170293000.0,12.803984962406014,unmatched
286909383,2024-11-25,Pernod Ricard USA,Martell & Co.,1890110,5579719,220820,22,1,France,13326390.0,170151000.0,12.7679739224201,within_firm
283182323,2024-10-14,Hollingshead Cement Llc,Lafarge Emirates Cement Llc,1939954244,,680610,68,1,United Arab Emirates,25201000.0,169578000.0,6.729018689734534,unmatched
281515003,2024-09-25,,,,,870590,87,1,Canada,12000000.0,165684000.0,13.807,unmatched
281565451,2024-09-26,,,,,870590,87,1,Canada,12000000.0,165684000.0,13.807,unmatched
289556989,2024-12-26,Icl Specialty Products Inc.,Icl Europe Cooperatief U.A.,1828508132,311145261,870323,87,1,Netherlands,11534000.0,164256000.0,14.241026530258367,within_firm
283719344,2024-10-21,Levy Blue Water Aggregate,Ontario Trap Rock,,,842890,84,1,Canada,16000000.0,164160000.0,10.26,unmatched
283929890,2024-10-22,St Marys Cement,Ontario Trap Rock,248830409,,842890,84,1,Canada,16000000.0,164160000.0,10.26,unmatched
281870982,2024-10-01,Valero Marketing And Supply Co.,Valero Energy Inc.,4318170,,870590,87,1,Canada,11834319.0,163396000.0,13.806962614409837,unmatched
264862614,2024-01-19,Sabic Innovative Plastics US Llc,Nobian Industries Chemicals B.V.,635635,,870899,87,1,Netherlands,24994000.0,162811000.0,6.514003360806593,unmatched
280865050,2024-09-16,Diamond Green Diesel Llc,West Coast Reduction Ltd.,132066252,6513686,841981,84,1,Canada,11890583.0,160654000.0,13.511028012671877,arms_length
268619872,2024-03-27,Valero Marketing And Supply Co.,Valero Energy Inc.,4318170,,870390,87,1,Canada,10161571.0,160207000.0,15.765967683540271,unmatched
281267424,2024-09-23,Bluewater Aggregates,Lafarge North America,,,611030,61,1,Canada,13607771.0,159007000.0,11.685014393613766,unmatched
289212127,2024-12-20,Heidelberg Marterials US Cement Llc,Akcansa Cimento Sanayi Ve Ticaret A,,,850153,85,1,Turkey,16030000.0,157928000.0,9.852027448533999,unmatched
287558012,2024-12-04,Heidelberg Marterials US Cement Llc,Akcansa Cimento Sanayi Ve Ticaret A,,,850153,85,1,Turkey,16930000.0,157466000.0,9.30100413467218,unmatched
277091574,2024-05-15,Surface Deployment And Distribution,Surface Deployment And Distribution,331869254,331869254,870323,87,1,United States,10737773.0,156342000.0,14.560002339405015,within_firm
267846964,2024-03-09,Cargill Salt Tampa,Cargill Salt Ofcargill Inc.,,,854143,85,1,United States,30705482.0,155554000.0,5.066000918011969,unmatched
272121530,2024-05-22,Jsw Steel USA Ohio Inc.,Arcelormittal Pecem S.A.,405681028,,681591,68,1,Brazil,15408000.0,154034000.0,9.997014537902388,unmatched
266122840,2024-02-12,Martin Operating Partnership,,27606060,,871120,87,1,Germany,12009000.0,153763000.0,12.80398034807228,unmatched
269289555,2024-04-07,Biosphere Fuels Llc,,2000485271,,382499,38,1,Spain,10143000.0,153413000.0,15.125012323770088,unmatched
265731040,2024-02-04,,,,,382499,38,1,Italy,10012827.0,151444000.0,15.124999163572886,unmatched
268028644,2024-02-29,Heidelberg Marterials US Cement Llc,Akcansa Cimento San. Tic. A.S.,,,848390,84,1,Turkey,19500000.0,151359000.0,7.762,unmatched
266132718,2024-02-13,Trans Carolina Products Llc,Nobian Industries Chemicals B.V.,,,870899,87,1,Netherlands,22998000.0,149809000.0,6.5140012174971735,unmatched
277153376,2024-07-31,Tenaris Bay City,Silcotub S A,1932515075,12144413,722220,72,1,Romania,28561296.0,148919000.0,5.2140140979597005,within_firm
269293170,2024-04-09,Tenaris Bay City,Dalmine SpA,1932515075,874174,722219,72,1,Italy,20178288.0,148875000.0,7.3779797374286655,arms_length
278953773,2024-08-25,Tenaris Bay City,Silcotub S A,1932515075,12144413,722220,72,1,Romania,28750122.0,148839000.0,5.17698672722154,within_firm
275548929,2024-07-10,Methanex Trinidad Unlimited,Atlas Methanol Co Un Ltd. Boo Methane,,,870323,87,1,Trinidad and Tobago,10290943.0,146708000.0,14.256030764138913,unmatched
274737174,2024-06-30,Buckman's Inc.,Nobian Industries Chemicals B.V.,118597346,,382499,38,1,Netherlands,16164000.0,143714000.0,8.890992328631526,unmatched
289870290,2024-12-29,Heidelberg Marterials US Cement Llc,Akcansa Cimento Sanayi Ve Ticaret A,,,850153,85,1,Turkey,14500000.0,142854000.0,9.852,unmatched
274115846,2024-06-18,Usalco Baltimore Plant Llc,Alunorte Alumina Do Nortedo Brasil S.A.,,5529133,846410,84,1,Brazil,11550000.0,142712000.0,12.356017316017317,unmatched
271501580,2024-05-13,Hiedelberg Materials US Cement Llc,Akcansa Cimento San Tic. A.Ş.,,,848390,84,1,Turkey,18060000.0,140669000.0,7.788981173864895,unmatched
288211871,2024-12-09,Gunvor USA Llc,Tupras Turkish Petroleum Refineries,382279966,,020230,02,1,Turkey,24963924.0,140172000.0,5.6149826445554,unmatched
285813392,2024-11-13,Surface Deployment And Distribution,Surface Deployment And Distribution,331869254,331869254,870323,87,1,United States,10007586.0,139716000.0,13.961009178437237,within_firm
281142110,2024-09-22,Edward C Levy Co.,Ontario Trap Rock,,,842890,84,1,Canada,15500000.0,139330000.0,8.989032258064515,unmatched
270429440,2024-04-25,Mcinnis USA Inc.,St Marys Cement,1820584918,1505753,610910,61,1,Canada,13429400.0,137020000.0,10.202987475240889,arms_length
282967622,2024-10-14,Tampa Port Services Llc,"Trinidad Nitrogen Co., Ltd.",319515282,277773968,330590,33,1,Trinidad and Tobago,20002654.0,135338000.0,6.766002151514494,arms_length
283704470,2024-10-20,Hollingshead Cement Llc,Lafarge Emirates Cement Llc,1939954244,,680610,68,1,United Arab Emirates,20000000.0,134580000.0,6.729,unmatched
280046682,2024-09-08,Heidelberg Marterials US Cement Llc,Akcansa Cimento Sanayi Ve Ticaret A,,,850153,85,1,Turkey,12350000.0,131972000.0,10.685991902834008,unmatched
274392457,2024-06-25,Southern Ionics,Alunorte Alumina Do Nortedo Brasil S.A.,4288007,5529133,846410,84,1,Brazil,10562000.0,130504000.0,12.355993183109259,arms_length
272639028,2024-05-30,To Ther Petrobras America,Petroleo Brasileiro S.A.,,409268,850220,85,1,Brazil,20601000.0,129580000.0,6.289985923013446,unmatched
266150945,2024-02-13,Mts Logistics Inc.,Multilogistics SpA,30739209,46696350,850421,85,1,Italy,12429000.0,127919000.0,10.291978437525144,arms_length
269867951,2024-04-18,Tenaris Bay City,Silcotub S A,1932515075,12144413,722220,72,1,Romania,23562000.0,126693000.0,5.377005347593583,arms_length
286561675,2024-11-20,Hollingshead Cement Llc,Lafarge Ciment Msila SpA,1939954244,1853086277,680610,68,1,Algeria,19000000.0,123500000.0,6.5,arms_length
270506071,2024-04-27,,,,,080132,08,1,Canada,23698000.0,120173000.0,5.0710186513629845,unmatched
265656500,2024-02-01,Tenaris Bay City,Silcotub S A,1932515075,12144413,722220,72,1,Romania,19773484.0,119392000.0,6.037985010633432,arms_length
274211233,2024-06-21,Tenaris Global Services USA,Silcotub S A,27880331,12144413,722220,72,1,Romania,21409386.0,116125000.0,5.424022902852048,within_firm
272639027,2024-05-30,To Ther Petrobras America,Petroleo Brasileiro S.A.,,409268,850220,85,1,Brazil,18392000.0,115686000.0,6.2900173988690735,unmatched
288506750,2024-12-12,Tidewater Global Llc,Lava Mining & Quarrying,35572,52743797,610990,61,1,Greece,10800000.0,113249000.0,10.486018518518518,arms_length
267987660,2024-03-12,Hawkron Inc.,Koluman Otomotiv Endustri A.S.,,146056043,848390,84,1,Turkey,14560000.0,113015000.0,7.762019230769231,unmatched
286096853,2024-11-17,Suncor Energy Marketing Inc.,Suncor Energy Marketing Inc.,232524605,6612477,391190,39,1,Canada,17033264.0,112965000.0,6.632023081424676,within_firm
268804036,2024-04-01,Tenaris Global Services USA,Silcotub S A,27880331,12144413,722220,72,1,Romania,18346934.0,110779000.0,6.038011582752737,within_firm
285388348,2024-11-07,Heidelberg Marterials US Cement Llc,Akcansa Cimento Sanayi Ve Ticaret A,,,850153,85,1,Turkey,11900000.0,110682000.0,9.301008403361344,unmatched
280063719,2024-09-06,Usalco Baltimore Plant Llc,Alunorte Alumina Do Nortedo Brasil S.A.,,5529133,846410,84,1,Brazil,10080120.0,109057000.0,10.819018027563164,unmatched
272207639,2024-05-06,Hiedelberg Materials US Cement Llc,Akcansa Cimento San Tic. A.Ş.,,,848390,84,1,Turkey,14000000.0,109046000.0,7.789,unmatched
264685008,2024-01-08,Ocp North America Inc.,Ocp S.A.,8360553,5476844,854143,85,1,Morocco,21107000.0,106928000.0,5.065997062585872,arms_length
285511865,2024-11-10,Chemours International Operations Geneva Switzerland,,,,842951,84,1,Australia,14001000.0,104335000.0,7.451967716591672,unmatched
283676355,2024-10-09,Heidelberg Marterials US Cement Llc,Akcansa Cimento Sanayi Ve Ticaret A,,,850153,85,1,Turkey,11000000.0,103818000.0,9.438,unmatched
274765573,2024-06-28,Cemex Construction Materials,Cemex Materials Newfoundland Inc.,6529258,1863586794,842890,84,1,Canada,10011000.0,103764000.0,10.364998501648188,arms_length
285593898,2024-11-04,Heidelberg Marterials US Cement Llc,Akcansa Cimento Sanayi Ve Ticaret A,,,850153,85,1,Turkey,11000000.0,102311000.0,9.301,unmatched
283277732,2024-10-16,Virginia Electirc And Power Co.,Eew Special Pipe Constructions GmbH,3027777,111627123,680690,68,1,Germany,10064430.0,101832000.0,10.118009663736546,arms_length
264540100,2024-01-01,Gulf Inland Marine Inc.,,315554393,,870829,87,1,United Kingdom,14846410.0,101119000.0,6.811006835996042,unmatched
272001265,2024-05-20,Tenaris Bay City,Silcotub S A,1932515075,12144413,722220,72,1,Romania,18996208.0,98609000.0,5.190983379419724,arms_length
285446796,2024-11-08,Usalco Baltimore Plant Llc,Alunorte Alumina Do Nortedo Brasil S.A.,,5529133,846410,84,1,Brazil,12101020.0,98478000.0,8.137991673429182,unmatched
268804035,2024-04-01,Tenaris Global Services USA,Silcotub S A,27880331,12144413,722220,72,1,Romania,15676700.0,94656000.0,6.038005447575063,within_firm
265323394,2024-01-28,American Airlines,Valero Marketing And Supply Co.,168569,4318170,851690,85,1,Bahamas,12531328.0,91015000.0,7.262997185932728,arms_length
289923132,2024-12-26,Eurochem North America Corp.,Jsc Eurochem,1851048718,,850940,85,1,Russia,16014000.0,90479000.0,5.649993755463969,unmatched
288211872,2024-12-09,Gunvor USA Llc,Tupras Turkish Petroleum Refineries,382279966,,020230,02,1,Turkey,15612442.0,87664000.0,5.615008849992845,unmatched
273976137,2024-06-18,Reg Marketing & Logistics Llc,Wilmar Trading (Australia) (Pty) ) Ltd.,660412965,62205308,848390,84,1,Australia,10112532.0,78787000.0,7.79102602592506,arms_length
279273208,2024-08-27,Virginia Electirc And Power Co.,Eew Special Pip,3027777,,680690,68,1,Germany,10661130.0,77677000.0,7.286000639707048,unmatched
289894984,2024-12-28,Virginia Electirc And Power Co.,Eew Special Pipe Constructions GmbH,3027777,111627123,680690,68,1,Germany,10886110.0,76823000.0,7.056974438068328,arms_length
283657034,2024-10-20,Eurochem North America Corp.,Joint Stock Com Eurochem,1851048718,,850940,85,1,Russia,15009200.0,76352000.0,5.087013298510247,unmatched
266972344,2024-02-26,Tenaris Bay City,Silcotub S A,1932515075,12144413,722220,72,1,Romania,12642000.0,76332000.0,6.03796867584243,arms_length
268546734,2024-03-03,Eastern Salt Co. Inc.,Compania Minera Cordillera Chile,116787941,1973880675,381590,38,1,Chile,12606000.0,72749000.0,5.7709820720291924,arms_length
265656499,2024-02-01,Tenaris Bay City,Silcotub S A,1932515075,12144413,722220,72,1,Romania,11185856.0,67540000.0,6.037982251872364,arms_length
267195244,2024-02-10,Eastern Salt Co. Inc.,Compania Minera Cordillera Chile,116787941,1973880675,381590,38,1,Chile,11500000.0,66367000.0,5.77104347826087,arms_length
272001266,2024-05-20,Tenaris Bay City,Silcotub S A,1932515075,12144413,722220,72,1,Romania,10668460.0,55380000.0,5.191002262744576,arms_length
289264037,2024-12-22,Valero Marketing And Supply Co.,Valero Energy Inc.,4318170,,291899,29,1,Canada,10370843.0,55297000.0,5.331967709857338,unmatched
264685009,2024-01-08,Ocp North America Inc.,Ocp S.A.,8360553,5476844,854143,85,1,Morocco,10880000.0,55118000.0,5.065992647058824,arms_length
289732495,2024-12-15,Global Companies,Equinor Asa,4293006,989228,284690,28,1,Norway,10372500.0,52972000.0,5.1069655338635815,arms_length
